{
  "version": "2020.1",
  "applications": [],
  "platforms": [
    {
      "name": "sp7_cal3_platform"
    }
  ],
  "systems": [
    {
      "name": "sp7_cal3_application_system",
      "platform": "/home/omen/Documents/Madushan/Spartan/spartan_project/xil3/cal3_sp7/embedded/vitis/sp7_cal3_platform/export/sp7_cal3_platform/sp7_cal3_platform.xpfm",
      "sysConfig": "sp7_cal3_platform",
      "applications": [
        {
          "name": "sp7_cal3_application",
          "platform": "/home/omen/Documents/Madushan/Spartan/spartan_project/xil3/cal3_sp7/embedded/vitis/sp7_cal3_platform/export/sp7_cal3_platform/sp7_cal3_platform.xpfm",
          "platformPath": "/home/madushan/Desktop/Thakshana/Madushan/Database/Phase3/Spartan/Golden_Image/xil3/cal3_sp7/embedded/vitis/sp7_cal3_platform/export/sp7_cal3_platform",
          "sysConfig": "sp7_cal3_platform",
          "domain": "standalone_domain",
          "system": "sp7_cal3_application_system"
        }
      ],
      "platformPath": "/home/madushan/Desktop/Thakshana/Madushan/Database/Phase3/Spartan/Golden_Image/xil3/cal3_sp7/embedded/vitis/sp7_cal3_platform/export/sp7_cal3_platform"
    }
  ],
  "others": []
}